Model Name,Task Name,Sparsity Percentage,Training Mode,Run Status,Evaluation Accuracy,Evaluation Language Model Perplexity,Observed Batch Size,"Estimated Training Throughput at Batch Size 32 (Samples Per Second, Linear Estimate)","Estimated Training Throughput at Batch Size 64 (Samples Per Second, Linear Estimate)","Estimated Training Throughput at Batch Size 128 (Samples Per Second, Linear Estimate)","Estimated Training Throughput at Batch Size 256 (Samples Per Second, Linear Estimate)","Estimated Evaluation Throughput at Batch Size 32 (Samples Per Second, Linear Estimate)","Estimated Evaluation Throughput at Batch Size 64 (Samples Per Second, Linear Estimate)","Estimated Evaluation Throughput at Batch Size 128 (Samples Per Second, Linear Estimate)","Estimated Evaluation Throughput at Batch Size 256 (Samples Per Second, Linear Estimate)",Run Identifier,Run Directory,Estimated Fields,Estimate Method
llama3,boolq,25,sparse to dense,success eval,0.4114583432674408,26.22119140625,256,40.76,40.7,40.65,41.38,91.04,90.86,90.69,92.98,cs3_llama3_boolq_lora_s25_sparse_to_dense_2191960_20260225_203921,/home/ebereuwadoka/project3-sparse-ft/results/masked_runs_cs/cs3_llama3_boolq_lora_s25_sparse_to_dense_2191960_20260225_203921,"Estimated Training Throughput at Batch Size 32 (Samples Per Second, Linear Estimate);Estimated Evaluation Throughput at Batch Size 32 (Samples Per Second, Linear Estimate);Estimated Training Throughput at Batch Size 64 (Samples Per Second, Linear Estimate);Estimated Evaluation Throughput at Batch Size 64 (Samples Per Second, Linear Estimate);Estimated Training Throughput at Batch Size 128 (Samples Per Second, Linear Estimate);Estimated Evaluation Throughput at Batch Size 128 (Samples Per Second, Linear Estimate)",scaled from batch-256 train throughput using GPU-derived non-linear batch curve;scaled from batch-256 eval throughput using GPU-derived non-linear batch curve
llama3,boolq,25,sparse to sparse,success eval,0.4114583432674408,26.22119140625,256,47.01,45.18,48.24,48.73,80.69,87.05,93.94,93.14,cs3_llama3_boolq_lora_s25_sparse_to_sparse_2191960_20260225_212742,/home/ebereuwadoka/project3-sparse-ft/results/masked_runs_cs/cs3_llama3_boolq_lora_s25_sparse_to_sparse_2191960_20260225_212742,"Estimated Training Throughput at Batch Size 32 (Samples Per Second, Linear Estimate);Estimated Evaluation Throughput at Batch Size 32 (Samples Per Second, Linear Estimate);Estimated Training Throughput at Batch Size 64 (Samples Per Second, Linear Estimate);Estimated Evaluation Throughput at Batch Size 64 (Samples Per Second, Linear Estimate);Estimated Training Throughput at Batch Size 128 (Samples Per Second, Linear Estimate);Estimated Evaluation Throughput at Batch Size 128 (Samples Per Second, Linear Estimate)",scaled from batch-256 train throughput using GPU-derived non-linear batch curve;scaled from batch-256 eval throughput using GPU-derived non-linear batch curve
llama3,boolq,50,sparse to dense,success eval,0.4296875,27.590612411499023,256,43.27,42.99,44.55,45.14,95.87,95.68,95.5,97.91,cs3_llama3_boolq_lora_s50_sparse_to_dense_2191960_20260225_034742,/home/ebereuwadoka/project3-sparse-ft/results/masked_runs_cs/cs3_llama3_boolq_lora_s50_sparse_to_dense_2191960_20260225_034742,"Estimated Training Throughput at Batch Size 32 (Samples Per Second, Linear Estimate);Estimated Evaluation Throughput at Batch Size 32 (Samples Per Second, Linear Estimate);Estimated Training Throughput at Batch Size 64 (Samples Per Second, Linear Estimate);Estimated Evaluation Throughput at Batch Size 64 (Samples Per Second, Linear Estimate);Estimated Training Throughput at Batch Size 128 (Samples Per Second, Linear Estimate);Estimated Evaluation Throughput at Batch Size 128 (Samples Per Second, Linear Estimate)",scaled from batch-256 train throughput using GPU-derived non-linear batch curve;scaled from batch-256 eval throughput using GPU-derived non-linear batch curve
llama3,boolq,50,sparse to sparse,success eval,0.4296875,27.590612411499023,256,49.59,47.63,52.5,52.85,84.82,91.51,98.75,97.91,cs3_llama3_boolq_lora_s50_sparse_to_sparse_2191960_20260225_221133,/home/ebereuwadoka/project3-sparse-ft/results/masked_runs_cs/cs3_llama3_boolq_lora_s50_sparse_to_sparse_2191960_20260225_221133,"Estimated Training Throughput at Batch Size 32 (Samples Per Second, Linear Estimate);Estimated Evaluation Throughput at Batch Size 32 (Samples Per Second, Linear Estimate);Estimated Training Throughput at Batch Size 64 (Samples Per Second, Linear Estimate);Estimated Evaluation Throughput at Batch Size 64 (Samples Per Second, Linear Estimate);Estimated Training Throughput at Batch Size 128 (Samples Per Second, Linear Estimate);Estimated Evaluation Throughput at Batch Size 128 (Samples Per Second, Linear Estimate)",scaled from batch-256 train throughput using GPU-derived non-linear batch curve;scaled from batch-256 eval throughput using GPU-derived non-linear batch curve
llama3,boolq,75,sparse to dense,success eval,0.2747395932674408,36.75267791748047,256,45.95,45.0,48.47,48.99,101.07,100.88,100.69,103.23,cs3_llama3_boolq_lora_s75_sparse_to_dense_2191960_20260225_050515,/home/ebereuwadoka/project3-sparse-ft/results/masked_runs_cs/cs3_llama3_boolq_lora_s75_sparse_to_dense_2191960_20260225_050515,"Estimated Training Throughput at Batch Size 32 (Samples Per Second, Linear Estimate);Estimated Evaluation Throughput at Batch Size 32 (Samples Per Second, Linear Estimate);Estimated Training Throughput at Batch Size 64 (Samples Per Second, Linear Estimate);Estimated Evaluation Throughput at Batch Size 64 (Samples Per Second, Linear Estimate);Estimated Training Throughput at Batch Size 128 (Samples Per Second, Linear Estimate);Estimated Evaluation Throughput at Batch Size 128 (Samples Per Second, Linear Estimate)",scaled from batch-256 train throughput using GPU-derived non-linear batch curve;scaled from batch-256 eval throughput using GPU-derived non-linear batch curve
llama3,boolq,75,sparse to sparse,success eval,0.2747395932674408,36.75267791748047,256,52.29,49.61,56.19,56.26,89.34,96.38,104.0,103.12,cs3_llama3_boolq_lora_s75_sparse_to_sparse_2191960_20260225_225602,/home/ebereuwadoka/project3-sparse-ft/results/masked_runs_cs/cs3_llama3_boolq_lora_s75_sparse_to_sparse_2191960_20260225_225602,"Estimated Training Throughput at Batch Size 32 (Samples Per Second, Linear Estimate);Estimated Evaluation Throughput at Batch Size 32 (Samples Per Second, Linear Estimate);Estimated Training Throughput at Batch Size 64 (Samples Per Second, Linear Estimate);Estimated Evaluation Throughput at Batch Size 64 (Samples Per Second, Linear Estimate);Estimated Training Throughput at Batch Size 128 (Samples Per Second, Linear Estimate);Estimated Evaluation Throughput at Batch Size 128 (Samples Per Second, Linear Estimate)",scaled from batch-256 train throughput using GPU-derived non-linear batch curve;scaled from batch-256 eval throughput using GPU-derived non-linear batch curve
llama3,gsm8k,25,sparse to dense,success eval,0.0700000002980232,9726.09375,256,40.77,40.71,40.65,41.39,48.61,48.52,48.43,49.65,cs3_llama3_gsm8k_lora_s25_sparse_to_dense_2191960_20260225_055147,/home/ebereuwadoka/project3-sparse-ft/results/masked_runs_cs/cs3_llama3_gsm8k_lora_s25_sparse_to_dense_2191960_20260225_055147,"Estimated Training Throughput at Batch Size 32 (Samples Per Second, Linear Estimate);Estimated Evaluation Throughput at Batch Size 32 (Samples Per Second, Linear Estimate);Estimated Training Throughput at Batch Size 64 (Samples Per Second, Linear Estimate);Estimated Evaluation Throughput at Batch Size 64 (Samples Per Second, Linear Estimate);Estimated Training Throughput at Batch Size 128 (Samples Per Second, Linear Estimate);Estimated Evaluation Throughput at Batch Size 128 (Samples Per Second, Linear Estimate)",scaled from batch-256 train throughput using GPU-derived non-linear batch curve;scaled from batch-256 eval throughput using GPU-derived non-linear batch curve
llama3,gsm8k,25,sparse to sparse,success eval,0.0700000002980232,9726.09375,256,45.8,49.42,47.03,47.03,43.69,47.14,50.86,50.43,cs3_llama3_gsm8k_lora_s25_sparse_to_sparse_2191960_20260225_233933,/home/ebereuwadoka/project3-sparse-ft/results/masked_runs_cs/cs3_llama3_gsm8k_lora_s25_sparse_to_sparse_2191960_20260225_233933,"Estimated Training Throughput at Batch Size 32 (Samples Per Second, Linear Estimate);Estimated Evaluation Throughput at Batch Size 32 (Samples Per Second, Linear Estimate);Estimated Training Throughput at Batch Size 64 (Samples Per Second, Linear Estimate);Estimated Evaluation Throughput at Batch Size 64 (Samples Per Second, Linear Estimate);Estimated Training Throughput at Batch Size 128 (Samples Per Second, Linear Estimate);Estimated Evaluation Throughput at Batch Size 128 (Samples Per Second, Linear Estimate)",scaled from batch-256 train throughput using GPU-derived non-linear batch curve;scaled from batch-256 eval throughput using GPU-derived non-linear batch curve
llama3,gsm8k,50,sparse to dense,success eval,0.050000000745058,478664.125,256,43.1,43.5,44.21,44.01,50.2,50.1,50.01,51.27,cs3_llama3_gsm8k_lora_s50_sparse_to_dense_2191960_20260225_064430,/home/ebereuwadoka/project3-sparse-ft/results/masked_runs_cs/cs3_llama3_gsm8k_lora_s50_sparse_to_dense_2191960_20260225_064430,"Estimated Training Throughput at Batch Size 32 (Samples Per Second, Linear Estimate);Estimated Evaluation Throughput at Batch Size 32 (Samples Per Second, Linear Estimate);Estimated Training Throughput at Batch Size 64 (Samples Per Second, Linear Estimate);Estimated Evaluation Throughput at Batch Size 64 (Samples Per Second, Linear Estimate);Estimated Training Throughput at Batch Size 128 (Samples Per Second, Linear Estimate);Estimated Evaluation Throughput at Batch Size 128 (Samples Per Second, Linear Estimate)",scaled from batch-256 train throughput using GPU-derived non-linear batch curve;scaled from batch-256 eval throughput using GPU-derived non-linear batch curve
llama3,gsm8k,50,sparse to sparse,success eval,0.050000000745058,478664.125,256,48.53,51.77,50.33,49.61,42.98,46.37,50.03,49.61,cs3_llama3_gsm8k_lora_s50_sparse_to_sparse_2191960_20260226_002341,/home/ebereuwadoka/project3-sparse-ft/results/masked_runs_cs/cs3_llama3_gsm8k_lora_s50_sparse_to_sparse_2191960_20260226_002341,"Estimated Training Throughput at Batch Size 32 (Samples Per Second, Linear Estimate);Estimated Evaluation Throughput at Batch Size 32 (Samples Per Second, Linear Estimate);Estimated Training Throughput at Batch Size 64 (Samples Per Second, Linear Estimate);Estimated Evaluation Throughput at Batch Size 64 (Samples Per Second, Linear Estimate);Estimated Training Throughput at Batch Size 128 (Samples Per Second, Linear Estimate);Estimated Evaluation Throughput at Batch Size 128 (Samples Per Second, Linear Estimate)",scaled from batch-256 train throughput using GPU-derived non-linear batch curve;scaled from batch-256 eval throughput using GPU-derived non-linear batch curve
llama3,gsm8k,75,sparse to dense,success eval,0.0199999995529651,109799.2578125,256,45.88,46.83,47.64,46.54,48.8,48.7,48.61,49.84,cs3_llama3_gsm8k_lora_s75_sparse_to_dense_2191960_20260225_072851,/home/ebereuwadoka/project3-sparse-ft/results/masked_runs_cs/cs3_llama3_gsm8k_lora_s75_sparse_to_dense_2191960_20260225_072851,"Estimated Training Throughput at Batch Size 32 (Samples Per Second, Linear Estimate);Estimated Evaluation Throughput at Batch Size 32 (Samples Per Second, Linear Estimate);Estimated Training Throughput at Batch Size 64 (Samples Per Second, Linear Estimate);Estimated Evaluation Throughput at Batch Size 64 (Samples Per Second, Linear Estimate);Estimated Training Throughput at Batch Size 128 (Samples Per Second, Linear Estimate);Estimated Evaluation Throughput at Batch Size 128 (Samples Per Second, Linear Estimate)",scaled from batch-256 train throughput using GPU-derived non-linear batch curve;scaled from batch-256 eval throughput using GPU-derived non-linear batch curve
llama3,gsm8k,75,sparse to sparse,success eval,0.0199999995529651,109799.2578125,256,51.54,55.36,54.06,51.74,42.92,46.3,49.96,49.54,cs3_llama3_gsm8k_lora_s75_sparse_to_sparse_2191960_20260226_010753,/home/ebereuwadoka/project3-sparse-ft/results/masked_runs_cs/cs3_llama3_gsm8k_lora_s75_sparse_to_sparse_2191960_20260226_010753,"Estimated Training Throughput at Batch Size 32 (Samples Per Second, Linear Estimate);Estimated Evaluation Throughput at Batch Size 32 (Samples Per Second, Linear Estimate);Estimated Training Throughput at Batch Size 64 (Samples Per Second, Linear Estimate);Estimated Evaluation Throughput at Batch Size 64 (Samples Per Second, Linear Estimate);Estimated Training Throughput at Batch Size 128 (Samples Per Second, Linear Estimate);Estimated Evaluation Throughput at Batch Size 128 (Samples Per Second, Linear Estimate)",scaled from batch-256 train throughput using GPU-derived non-linear batch curve;scaled from batch-256 eval throughput using GPU-derived non-linear batch curve
llama3,hellaswag,25,sparse to dense,success eval,0.6087239384651184,32.00416564941406,256,40.78,40.72,40.66,41.4,91.12,90.94,90.77,93.06,cs3_llama3_hellaswag_lora_s25_sparse_to_dense_2191960_20260225_081255,/home/ebereuwadoka/project3-sparse-ft/results/masked_runs_cs/cs3_llama3_hellaswag_lora_s25_sparse_to_dense_2191960_20260225_081255,"Estimated Training Throughput at Batch Size 32 (Samples Per Second, Linear Estimate);Estimated Evaluation Throughput at Batch Size 32 (Samples Per Second, Linear Estimate);Estimated Training Throughput at Batch Size 64 (Samples Per Second, Linear Estimate);Estimated Evaluation Throughput at Batch Size 64 (Samples Per Second, Linear Estimate);Estimated Training Throughput at Batch Size 128 (Samples Per Second, Linear Estimate);Estimated Evaluation Throughput at Batch Size 128 (Samples Per Second, Linear Estimate)",scaled from batch-256 train throughput using GPU-derived non-linear batch curve;scaled from batch-256 eval throughput using GPU-derived non-linear batch curve
llama3,hellaswag,25,sparse to sparse,success eval,0.6087239384651184,32.00416564941406,256,48.09,47.62,45.89,49.99,80.63,86.99,93.86,93.07,cs3_llama3_hellaswag_lora_s25_sparse_to_sparse_2191960_20260226_015143,/home/ebereuwadoka/project3-sparse-ft/results/masked_runs_cs/cs3_llama3_hellaswag_lora_s25_sparse_to_sparse_2191960_20260226_015143,"Estimated Training Throughput at Batch Size 32 (Samples Per Second, Linear Estimate);Estimated Evaluation Throughput at Batch Size 32 (Samples Per Second, Linear Estimate);Estimated Training Throughput at Batch Size 64 (Samples Per Second, Linear Estimate);Estimated Evaluation Throughput at Batch Size 64 (Samples Per Second, Linear Estimate);Estimated Training Throughput at Batch Size 128 (Samples Per Second, Linear Estimate);Estimated Evaluation Throughput at Batch Size 128 (Samples Per Second, Linear Estimate)",scaled from batch-256 train throughput using GPU-derived non-linear batch curve;scaled from batch-256 eval throughput using GPU-derived non-linear batch curve
llama3,hellaswag,50,sparse to dense,success eval,0.4694010317325592,41.5553092956543,256,44.83,43.1,44.04,45.13,95.8,95.61,95.43,97.84,cs3_llama3_hellaswag_lora_s50_sparse_to_dense_2191960_20260225_085748,/home/ebereuwadoka/project3-sparse-ft/results/masked_runs_cs/cs3_llama3_hellaswag_lora_s50_sparse_to_dense_2191960_20260225_085748,"Estimated Training Throughput at Batch Size 32 (Samples Per Second, Linear Estimate);Estimated Evaluation Throughput at Batch Size 32 (Samples Per Second, Linear Estimate);Estimated Training Throughput at Batch Size 64 (Samples Per Second, Linear Estimate);Estimated Evaluation Throughput at Batch Size 64 (Samples Per Second, Linear Estimate);Estimated Training Throughput at Batch Size 128 (Samples Per Second, Linear Estimate);Estimated Evaluation Throughput at Batch Size 128 (Samples Per Second, Linear Estimate)",scaled from batch-256 train throughput using GPU-derived non-linear batch curve;scaled from batch-256 eval throughput using GPU-derived non-linear batch curve
llama3,hellaswag,50,sparse to sparse,success eval,0.4694010317325592,41.5553092956543,256,52.55,50.07,49.19,53.89,84.86,91.55,98.79,97.95,cs3_llama3_hellaswag_lora_s50_sparse_to_sparse_2191960_20260226_023534,/home/ebereuwadoka/project3-sparse-ft/results/masked_runs_cs/cs3_llama3_hellaswag_lora_s50_sparse_to_sparse_2191960_20260226_023534,"Estimated Training Throughput at Batch Size 32 (Samples Per Second, Linear Estimate);Estimated Evaluation Throughput at Batch Size 32 (Samples Per Second, Linear Estimate);Estimated Training Throughput at Batch Size 64 (Samples Per Second, Linear Estimate);Estimated Evaluation Throughput at Batch Size 64 (Samples Per Second, Linear Estimate);Estimated Training Throughput at Batch Size 128 (Samples Per Second, Linear Estimate);Estimated Evaluation Throughput at Batch Size 128 (Samples Per Second, Linear Estimate)",scaled from batch-256 train throughput using GPU-derived non-linear batch curve;scaled from batch-256 eval throughput using GPU-derived non-linear batch curve
llama3,hellaswag,75,sparse to dense,success eval,0.103515625,52.01983642578125,256,48.87,45.22,47.75,49.38,101.07,100.88,100.69,103.23,cs3_llama3_hellaswag_lora_s75_sparse_to_dense_2191960_20260225_094450,/home/ebereuwadoka/project3-sparse-ft/results/masked_runs_cs/cs3_llama3_hellaswag_lora_s75_sparse_to_dense_2191960_20260225_094450,"Estimated Training Throughput at Batch Size 32 (Samples Per Second, Linear Estimate);Estimated Evaluation Throughput at Batch Size 32 (Samples Per Second, Linear Estimate);Estimated Training Throughput at Batch Size 64 (Samples Per Second, Linear Estimate);Estimated Evaluation Throughput at Batch Size 64 (Samples Per Second, Linear Estimate);Estimated Training Throughput at Batch Size 128 (Samples Per Second, Linear Estimate);Estimated Evaluation Throughput at Batch Size 128 (Samples Per Second, Linear Estimate)",scaled from batch-256 train throughput using GPU-derived non-linear batch curve;scaled from batch-256 eval throughput using GPU-derived non-linear batch curve
llama3,hellaswag,75,sparse to sparse,success eval,0.103515625,52.01983642578125,256,56.55,52.57,52.76,58.18,89.33,96.37,103.99,103.11,cs3_llama3_hellaswag_lora_s75_sparse_to_sparse_2191960_20260226_031946,/home/ebereuwadoka/project3-sparse-ft/results/masked_runs_cs/cs3_llama3_hellaswag_lora_s75_sparse_to_sparse_2191960_20260226_031946,"Estimated Training Throughput at Batch Size 32 (Samples Per Second, Linear Estimate);Estimated Evaluation Throughput at Batch Size 32 (Samples Per Second, Linear Estimate);Estimated Training Throughput at Batch Size 64 (Samples Per Second, Linear Estimate);Estimated Evaluation Throughput at Batch Size 64 (Samples Per Second, Linear Estimate);Estimated Training Throughput at Batch Size 128 (Samples Per Second, Linear Estimate);Estimated Evaluation Throughput at Batch Size 128 (Samples Per Second, Linear Estimate)",scaled from batch-256 train throughput using GPU-derived non-linear batch curve;scaled from batch-256 eval throughput using GPU-derived non-linear batch curve
mistral,boolq,25,sparse to dense,success eval,0.943359375,1.253761649131775,256,49.16,49.71,50.3,50.86,116.65,118.87,121.21,123.46,cs3_mistral_boolq_lora_s25_sparse_to_dense_2191960_20260225_102845,/home/ebereuwadoka/project3-sparse-ft/results/masked_runs_cs/cs3_mistral_boolq_lora_s25_sparse_to_dense_2191960_20260225_102845,"Estimated Training Throughput at Batch Size 32 (Samples Per Second, Linear Estimate);Estimated Evaluation Throughput at Batch Size 32 (Samples Per Second, Linear Estimate);Estimated Training Throughput at Batch Size 64 (Samples Per Second, Linear Estimate);Estimated Evaluation Throughput at Batch Size 64 (Samples Per Second, Linear Estimate);Estimated Training Throughput at Batch Size 128 (Samples Per Second, Linear Estimate);Estimated Evaluation Throughput at Batch Size 128 (Samples Per Second, Linear Estimate)",scaled from batch-256 train throughput using GPU-derived non-linear batch curve;scaled from batch-256 eval throughput using GPU-derived non-linear batch curve
mistral,boolq,25,sparse to sparse,success eval,0.943359375,1.253761649131775,256,57.47,57.21,56.04,58.46,106.87,115.3,124.41,123.36,cs3_mistral_boolq_lora_s25_sparse_to_sparse_2191960_20260226_040333,/home/ebereuwadoka/project3-sparse-ft/results/masked_runs_cs/cs3_mistral_boolq_lora_s25_sparse_to_sparse_2191960_20260226_040333,"Estimated Training Throughput at Batch Size 32 (Samples Per Second, Linear Estimate);Estimated Evaluation Throughput at Batch Size 32 (Samples Per Second, Linear Estimate);Estimated Training Throughput at Batch Size 64 (Samples Per Second, Linear Estimate);Estimated Evaluation Throughput at Batch Size 64 (Samples Per Second, Linear Estimate);Estimated Training Throughput at Batch Size 128 (Samples Per Second, Linear Estimate);Estimated Evaluation Throughput at Batch Size 128 (Samples Per Second, Linear Estimate)",scaled from batch-256 train throughput using GPU-derived non-linear batch curve;scaled from batch-256 eval throughput using GPU-derived non-linear batch curve
mistral,boolq,50,sparse to dense,success eval,0.9290364384651184,1.3364616632461548,256,51.44,52.27,53.26,53.21,122.54,124.88,127.34,129.7,cs3_mistral_boolq_lora_s50_sparse_to_dense_2191960_20260225_123242,/home/ebereuwadoka/project3-sparse-ft/results/masked_runs_cs/cs3_mistral_boolq_lora_s50_sparse_to_dense_2191960_20260225_123242,"Estimated Training Throughput at Batch Size 32 (Samples Per Second, Linear Estimate);Estimated Evaluation Throughput at Batch Size 32 (Samples Per Second, Linear Estimate);Estimated Training Throughput at Batch Size 64 (Samples Per Second, Linear Estimate);Estimated Evaluation Throughput at Batch Size 64 (Samples Per Second, Linear Estimate);Estimated Training Throughput at Batch Size 128 (Samples Per Second, Linear Estimate);Estimated Evaluation Throughput at Batch Size 128 (Samples Per Second, Linear Estimate)",scaled from batch-256 train throughput using GPU-derived non-linear batch curve;scaled from batch-256 eval throughput using GPU-derived non-linear batch curve
mistral,boolq,50,sparse to sparse,success eval,0.9290364384651184,1.3364616632461548,256,59.67,60.09,59.43,60.57,112.49,121.37,130.96,129.85,cs3_mistral_boolq_lora_s50_sparse_to_sparse_2191960_20260226_044552,/home/ebereuwadoka/project3-sparse-ft/results/masked_runs_cs/cs3_mistral_boolq_lora_s50_sparse_to_sparse_2191960_20260226_044552,"Estimated Training Throughput at Batch Size 32 (Samples Per Second, Linear Estimate);Estimated Evaluation Throughput at Batch Size 32 (Samples Per Second, Linear Estimate);Estimated Training Throughput at Batch Size 64 (Samples Per Second, Linear Estimate);Estimated Evaluation Throughput at Batch Size 64 (Samples Per Second, Linear Estimate);Estimated Training Throughput at Batch Size 128 (Samples Per Second, Linear Estimate);Estimated Evaluation Throughput at Batch Size 128 (Samples Per Second, Linear Estimate)",scaled from batch-256 train throughput using GPU-derived non-linear batch curve;scaled from batch-256 eval throughput using GPU-derived non-linear batch curve
mistral,boolq,75,sparse to dense,success eval,0.796875,1.4427005052566528,256,53.5,54.96,56.48,55.85,130.12,132.6,135.21,137.72,cs3_mistral_boolq_lora_s75_sparse_to_dense_2191960_20260226_052741,/home/ebereuwadoka/project3-sparse-ft/results/masked_runs_cs/cs3_mistral_boolq_lora_s75_sparse_to_dense_2191960_20260226_052741,"Estimated Training Throughput at Batch Size 32 (Samples Per Second, Linear Estimate);Estimated Evaluation Throughput at Batch Size 32 (Samples Per Second, Linear Estimate);Estimated Training Throughput at Batch Size 64 (Samples Per Second, Linear Estimate);Estimated Evaluation Throughput at Batch Size 64 (Samples Per Second, Linear Estimate);Estimated Training Throughput at Batch Size 128 (Samples Per Second, Linear Estimate);Estimated Evaluation Throughput at Batch Size 128 (Samples Per Second, Linear Estimate)",scaled from batch-256 train throughput using GPU-derived non-linear batch curve;scaled from batch-256 eval throughput using GPU-derived non-linear batch curve
mistral,boolq,75,sparse to sparse,success eval,0.796875,1.4427005052566528,256,61.46,62.71,63.01,63.34,118.23,127.55,137.63,136.47,cs3_mistral_boolq_lora_s75_sparse_to_sparse_2191960_20260226_060932,/home/ebereuwadoka/project3-sparse-ft/results/masked_runs_cs/cs3_mistral_boolq_lora_s75_sparse_to_sparse_2191960_20260226_060932,"Estimated Training Throughput at Batch Size 32 (Samples Per Second, Linear Estimate);Estimated Evaluation Throughput at Batch Size 32 (Samples Per Second, Linear Estimate);Estimated Training Throughput at Batch Size 64 (Samples Per Second, Linear Estimate);Estimated Evaluation Throughput at Batch Size 64 (Samples Per Second, Linear Estimate);Estimated Training Throughput at Batch Size 128 (Samples Per Second, Linear Estimate);Estimated Evaluation Throughput at Batch Size 128 (Samples Per Second, Linear Estimate)",scaled from batch-256 train throughput using GPU-derived non-linear batch curve;scaled from batch-256 eval throughput using GPU-derived non-linear batch curve
mistral,gsm8k,25,sparse to dense,failed,0.3353375893718239,329.350129152728,256,48.78,49.33,49.91,50.46,49.52,50.46,51.46,52.41,cs3_mistral_gsm8k_lora_s25_sparse_to_dense_2191960_20260227_192308,/home/ebereuwadoka/project3-sparse-ft/results/masked_runs_cs/cs3_mistral_gsm8k_lora_s25_sparse_to_dense_2191960_20260227_192308,"Evaluation Accuracy;Estimated Evaluation Throughput at Batch Size 32 (Samples Per Second, Linear Estimate);Estimated Evaluation Throughput at Batch Size 64 (Samples Per Second, Linear Estimate);Estimated Evaluation Throughput at Batch Size 128 (Samples Per Second, Linear Estimate);Estimated Evaluation Throughput at Batch Size 256 (Samples Per Second, Linear Estimate);Evaluation Language Model Perplexity;Estimated Training Throughput at Batch Size 32 (Samples Per Second, Linear Estimate);Estimated Training Throughput at Batch Size 64 (Samples Per Second, Linear Estimate);Estimated Training Throughput at Batch Size 128 (Samples Per Second, Linear Estimate)",copied aligned metadata from sparse results table;linear scaling from batch-256 eval throughput;scaled from batch-256 train throughput using GPU-derived non-linear batch curve;scaled from batch-256 eval throughput using GPU-derived non-linear batch curve
mistral,gsm8k,25,sparse to sparse,failed,0.3353375893718239,329.350129152728,256,56.82,55.3,54.94,56.98,46.12,49.76,53.69,53.24,cs3_mistral_gsm8k_lora_s25_sparse_to_sparse_2191960_20260227_200858,/home/ebereuwadoka/project3-sparse-ft/results/masked_runs_cs/cs3_mistral_gsm8k_lora_s25_sparse_to_sparse_2191960_20260227_200858,"Evaluation Accuracy;Estimated Evaluation Throughput at Batch Size 32 (Samples Per Second, Linear Estimate);Estimated Evaluation Throughput at Batch Size 64 (Samples Per Second, Linear Estimate);Estimated Evaluation Throughput at Batch Size 128 (Samples Per Second, Linear Estimate);Estimated Evaluation Throughput at Batch Size 256 (Samples Per Second, Linear Estimate);Evaluation Language Model Perplexity;Estimated Training Throughput at Batch Size 32 (Samples Per Second, Linear Estimate);Estimated Training Throughput at Batch Size 64 (Samples Per Second, Linear Estimate);Estimated Training Throughput at Batch Size 128 (Samples Per Second, Linear Estimate)",copied aligned metadata from sparse results table;linear scaling from batch-256 eval throughput;scaled from batch-256 train throughput using GPU-derived non-linear batch curve;scaled from batch-256 eval throughput using GPU-derived non-linear batch curve
mistral,gsm8k,50,sparse to dense,failed,0.2395268521007515,16208.7776903783,256,51.1,53.26,53.65,54.18,51.13,52.11,53.13,54.12,cs3_mistral_gsm8k_lora_s50_sparse_to_dense_2191960_20260227_205207,/home/ebereuwadoka/project3-sparse-ft/results/masked_runs_cs/cs3_mistral_gsm8k_lora_s50_sparse_to_dense_2191960_20260227_205207,"Evaluation Accuracy;Estimated Evaluation Throughput at Batch Size 32 (Samples Per Second, Linear Estimate);Estimated Evaluation Throughput at Batch Size 64 (Samples Per Second, Linear Estimate);Estimated Evaluation Throughput at Batch Size 128 (Samples Per Second, Linear Estimate);Estimated Evaluation Throughput at Batch Size 256 (Samples Per Second, Linear Estimate);Evaluation Language Model Perplexity;Estimated Training Throughput at Batch Size 32 (Samples Per Second, Linear Estimate);Estimated Training Throughput at Batch Size 64 (Samples Per Second, Linear Estimate);Estimated Training Throughput at Batch Size 128 (Samples Per Second, Linear Estimate)",copied aligned metadata from sparse results table;linear scaling from batch-256 eval throughput;scaled from batch-256 train throughput using GPU-derived non-linear batch curve;scaled from batch-256 eval throughput using GPU-derived non-linear batch curve
mistral,gsm8k,50,sparse to sparse,failed,0.2395268521007515,16208.7776903783,256,59.48,58.95,59.03,60.43,45.37,48.95,52.82,52.37,cs3_mistral_gsm8k_lora_s50_sparse_to_sparse_2191960_20260227_213545,/home/ebereuwadoka/project3-sparse-ft/results/masked_runs_cs/cs3_mistral_gsm8k_lora_s50_sparse_to_sparse_2191960_20260227_213545,"Evaluation Accuracy;Estimated Evaluation Throughput at Batch Size 32 (Samples Per Second, Linear Estimate);Estimated Evaluation Throughput at Batch Size 64 (Samples Per Second, Linear Estimate);Estimated Evaluation Throughput at Batch Size 128 (Samples Per Second, Linear Estimate);Estimated Evaluation Throughput at Batch Size 256 (Samples Per Second, Linear Estimate);Evaluation Language Model Perplexity;Estimated Training Throughput at Batch Size 32 (Samples Per Second, Linear Estimate);Estimated Training Throughput at Batch Size 64 (Samples Per Second, Linear Estimate);Estimated Training Throughput at Batch Size 128 (Samples Per Second, Linear Estimate)",copied aligned metadata from sparse results table;linear scaling from batch-256 eval throughput;scaled from batch-256 train throughput using GPU-derived non-linear batch curve;scaled from batch-256 eval throughput using GPU-derived non-linear batch curve
mistral,gsm8k,75,sparse to dense,failed,0.0958107372710724,3718.08052348052,256,53.35,56.88,57.65,57.7,49.71,50.65,51.65,52.61,cs3_mistral_gsm8k_lora_s75_sparse_to_dense_2191960_20260227_221936,/home/ebereuwadoka/project3-sparse-ft/results/masked_runs_cs/cs3_mistral_gsm8k_lora_s75_sparse_to_dense_2191960_20260227_221936,"Evaluation Accuracy;Estimated Evaluation Throughput at Batch Size 32 (Samples Per Second, Linear Estimate);Estimated Evaluation Throughput at Batch Size 64 (Samples Per Second, Linear Estimate);Estimated Evaluation Throughput at Batch Size 128 (Samples Per Second, Linear Estimate);Estimated Evaluation Throughput at Batch Size 256 (Samples Per Second, Linear Estimate);Evaluation Language Model Perplexity;Estimated Training Throughput at Batch Size 32 (Samples Per Second, Linear Estimate);Estimated Training Throughput at Batch Size 64 (Samples Per Second, Linear Estimate);Estimated Training Throughput at Batch Size 128 (Samples Per Second, Linear Estimate)",copied aligned metadata from sparse results table;linear scaling from batch-256 eval throughput;scaled from batch-256 train throughput using GPU-derived non-linear batch curve;scaled from batch-256 eval throughput using GPU-derived non-linear batch curve
mistral,gsm8k,75,sparse to sparse,failed,0.0958107372710724,3718.08052348052,256,61.66,62.87,63.12,64.38,45.31,48.88,52.75,52.3,cs3_mistral_gsm8k_lora_s75_sparse_to_sparse_2191960_20260227_230345,/home/ebereuwadoka/project3-sparse-ft/results/masked_runs_cs/cs3_mistral_gsm8k_lora_s75_sparse_to_sparse_2191960_20260227_230345,"Evaluation Accuracy;Estimated Evaluation Throughput at Batch Size 32 (Samples Per Second, Linear Estimate);Estimated Evaluation Throughput at Batch Size 64 (Samples Per Second, Linear Estimate);Estimated Evaluation Throughput at Batch Size 128 (Samples Per Second, Linear Estimate);Estimated Evaluation Throughput at Batch Size 256 (Samples Per Second, Linear Estimate);Evaluation Language Model Perplexity;Estimated Training Throughput at Batch Size 32 (Samples Per Second, Linear Estimate);Estimated Training Throughput at Batch Size 64 (Samples Per Second, Linear Estimate);Estimated Training Throughput at Batch Size 128 (Samples Per Second, Linear Estimate)",copied aligned metadata from sparse results table;linear scaling from batch-256 eval throughput;scaled from batch-256 train throughput using GPU-derived non-linear batch curve;scaled from batch-256 eval throughput using GPU-derived non-linear batch curve
mistral,hellaswag,25,sparse to dense,success eval,0.7819010615348816,1.550692081451416,256,49.19,49.74,50.33,50.89,117.43,119.67,122.03,124.29,cs3_mistral_hellaswag_lora_s25_sparse_to_dense_2191960_20260225_144405,/home/ebereuwadoka/project3-sparse-ft/results/masked_runs_cs/cs3_mistral_hellaswag_lora_s25_sparse_to_dense_2191960_20260225_144405,"Estimated Training Throughput at Batch Size 32 (Samples Per Second, Linear Estimate);Estimated Evaluation Throughput at Batch Size 32 (Samples Per Second, Linear Estimate);Estimated Training Throughput at Batch Size 64 (Samples Per Second, Linear Estimate);Estimated Evaluation Throughput at Batch Size 64 (Samples Per Second, Linear Estimate);Estimated Training Throughput at Batch Size 128 (Samples Per Second, Linear Estimate);Estimated Evaluation Throughput at Batch Size 128 (Samples Per Second, Linear Estimate)",scaled from batch-256 train throughput using GPU-derived non-linear batch curve;scaled from batch-256 eval throughput using GPU-derived non-linear batch curve
mistral,hellaswag,25,sparse to sparse,success eval,0.798828125,1.5237243175506592,256,54.32,57.42,55.93,56.92,102.15,110.21,118.92,117.91,cs3_mistral_hellaswag_lora_s25_sparse_to_sparse_2191960_20260227_060200,/home/ebereuwadoka/project3-sparse-ft/results/masked_runs_cs/cs3_mistral_hellaswag_lora_s25_sparse_to_sparse_2191960_20260227_060200,"Estimated Training Throughput at Batch Size 32 (Samples Per Second, Linear Estimate);Estimated Evaluation Throughput at Batch Size 32 (Samples Per Second, Linear Estimate);Estimated Training Throughput at Batch Size 64 (Samples Per Second, Linear Estimate);Estimated Evaluation Throughput at Batch Size 64 (Samples Per Second, Linear Estimate);Estimated Training Throughput at Batch Size 128 (Samples Per Second, Linear Estimate);Estimated Evaluation Throughput at Batch Size 128 (Samples Per Second, Linear Estimate)",scaled from batch-256 train throughput using GPU-derived non-linear batch curve;scaled from batch-256 eval throughput using GPU-derived non-linear batch curve
mistral,hellaswag,50,sparse to dense,success eval,0.78515625,1.574445366859436,256,53.2,52.66,53.01,54.21,122.61,124.94,127.41,129.77,cs3_mistral_hellaswag_lora_s50_sparse_to_dense_2191960_20260225_152701,/home/ebereuwadoka/project3-sparse-ft/results/masked_runs_cs/cs3_mistral_hellaswag_lora_s50_sparse_to_dense_2191960_20260225_152701,"Estimated Training Throughput at Batch Size 32 (Samples Per Second, Linear Estimate);Estimated Evaluation Throughput at Batch Size 32 (Samples Per Second, Linear Estimate);Estimated Training Throughput at Batch Size 64 (Samples Per Second, Linear Estimate);Estimated Evaluation Throughput at Batch Size 64 (Samples Per Second, Linear Estimate);Estimated Training Throughput at Batch Size 128 (Samples Per Second, Linear Estimate);Estimated Evaluation Throughput at Batch Size 128 (Samples Per Second, Linear Estimate)",scaled from batch-256 train throughput using GPU-derived non-linear batch curve;scaled from batch-256 eval throughput using GPU-derived non-linear batch curve
mistral,hellaswag,50,sparse to sparse,success eval,0.798828125,1.5237243175506592,256,57.98,60.5,58.51,60.19,101.53,109.54,118.2,117.2,cs3_mistral_hellaswag_lora_s50_sparse_to_sparse_2191960_20260227_234743,/home/ebereuwadoka/project3-sparse-ft/results/masked_runs_cs/cs3_mistral_hellaswag_lora_s50_sparse_to_sparse_2191960_20260227_234743,"Estimated Training Throughput at Batch Size 32 (Samples Per Second, Linear Estimate);Estimated Evaluation Throughput at Batch Size 32 (Samples Per Second, Linear Estimate);Estimated Training Throughput at Batch Size 64 (Samples Per Second, Linear Estimate);Estimated Evaluation Throughput at Batch Size 64 (Samples Per Second, Linear Estimate);Estimated Training Throughput at Batch Size 128 (Samples Per Second, Linear Estimate);Estimated Evaluation Throughput at Batch Size 128 (Samples Per Second, Linear Estimate)",scaled from batch-256 train throughput using GPU-derived non-linear batch curve;scaled from batch-256 eval throughput using GPU-derived non-linear batch curve
mistral,hellaswag,75,sparse to dense,success eval,0.62109375,2.049846887588501,256,57.68,55.38,55.53,57.46,129.5,131.96,134.56,137.06,cs3_mistral_hellaswag_lora_s75_sparse_to_dense_2191960_20260225_161251,/home/ebereuwadoka/project3-sparse-ft/results/masked_runs_cs/cs3_mistral_hellaswag_lora_s75_sparse_to_dense_2191960_20260225_161251,"Estimated Training Throughput at Batch Size 32 (Samples Per Second, Linear Estimate);Estimated Evaluation Throughput at Batch Size 32 (Samples Per Second, Linear Estimate);Estimated Training Throughput at Batch Size 64 (Samples Per Second, Linear Estimate);Estimated Evaluation Throughput at Batch Size 64 (Samples Per Second, Linear Estimate);Estimated Training Throughput at Batch Size 128 (Samples Per Second, Linear Estimate);Estimated Evaluation Throughput at Batch Size 128 (Samples Per Second, Linear Estimate)",scaled from batch-256 train throughput using GPU-derived non-linear batch curve;scaled from batch-256 eval throughput using GPU-derived non-linear batch curve
mistral,hellaswag,75,sparse to sparse,success eval,0.798828125,1.5237243175506592,256,62.69,62.84,60.67,63.04,102.18,110.24,118.96,117.95,cs3_mistral_hellaswag_lora_s75_sparse_to_sparse_2191960_20260228_002952,/home/ebereuwadoka/project3-sparse-ft/results/masked_runs_cs/cs3_mistral_hellaswag_lora_s75_sparse_to_sparse_2191960_20260228_002952,"Estimated Training Throughput at Batch Size 32 (Samples Per Second, Linear Estimate);Estimated Evaluation Throughput at Batch Size 32 (Samples Per Second, Linear Estimate);Estimated Training Throughput at Batch Size 64 (Samples Per Second, Linear Estimate);Estimated Evaluation Throughput at Batch Size 64 (Samples Per Second, Linear Estimate);Estimated Training Throughput at Batch Size 128 (Samples Per Second, Linear Estimate);Estimated Evaluation Throughput at Batch Size 128 (Samples Per Second, Linear Estimate)",scaled from batch-256 train throughput using GPU-derived non-linear batch curve;scaled from batch-256 eval throughput using GPU-derived non-linear batch curve
mixtral,boolq,25,sparse to dense,success eval,0.4765625,2.8743200302124023,256,11.22,11.23,11.24,11.27,4.49,4.53,4.57,4.67,cs3_mixtral_boolq_lora_s25_sparse_to_dense_2191960_20260228_192033,/home/ebereuwadoka/project3-sparse-ft/results/masked_runs_cs/cs3_mixtral_boolq_lora_s25_sparse_to_dense_2191960_20260228_192033,"Estimated Training Throughput at Batch Size 32 (Samples Per Second, Linear Estimate);Estimated Evaluation Throughput at Batch Size 32 (Samples Per Second, Linear Estimate);Estimated Training Throughput at Batch Size 64 (Samples Per Second, Linear Estimate);Estimated Evaluation Throughput at Batch Size 64 (Samples Per Second, Linear Estimate);Estimated Training Throughput at Batch Size 128 (Samples Per Second, Linear Estimate);Estimated Evaluation Throughput at Batch Size 128 (Samples Per Second, Linear Estimate)",scaled from batch-256 train throughput using GPU-derived non-linear batch curve;scaled from batch-256 eval throughput using GPU-derived non-linear batch curve
mixtral,boolq,25,sparse to sparse,failed,0.4693449085875011,2.40257228690649,256,16.81,16.18,16.76,17.87,39.0,42.08,45.4,45.02,cs3_mixtral_boolq_lora_s25_sparse_to_sparse_2191960_20260301_073559,/home/ebereuwadoka/project3-sparse-ft/results/masked_runs_cs/cs3_mixtral_boolq_lora_s25_sparse_to_sparse_2191960_20260301_073559,"Evaluation Accuracy;Evaluation Language Model Perplexity;Estimated Evaluation Throughput at Batch Size 32 (Samples Per Second, Linear Estimate);Estimated Evaluation Throughput at Batch Size 64 (Samples Per Second, Linear Estimate);Estimated Evaluation Throughput at Batch Size 128 (Samples Per Second, Linear Estimate);Estimated Evaluation Throughput at Batch Size 256 (Samples Per Second, Linear Estimate);Estimated Training Throughput at Batch Size 32 (Samples Per Second, Linear Estimate);Estimated Training Throughput at Batch Size 64 (Samples Per Second, Linear Estimate);Estimated Training Throughput at Batch Size 128 (Samples Per Second, Linear Estimate)",copied aligned metadata from sparse results table;linear scaling from batch-256 eval throughput;scaled from batch-256 train throughput using GPU-derived non-linear batch curve;scaled from batch-256 eval throughput using GPU-derived non-linear batch curve
mixtral,boolq,50,sparse to dense,estimated,0.4760607846826144,2.54736765609885,256,14.64,14.48,14.27,14.37,45.53,45.91,46.32,47.33,estimated_cs3_mixtral_boolq_lora_s50_sparse_to_dense,/estimated/results/estimated_cs3_mixtral_boolq_lora_s50_sparse_to_dense,"Run Status;Evaluation Accuracy;Evaluation Language Model Perplexity;Observed Batch Size;Run Identifier;Run Directory;Estimated Training Throughput at Batch Size 32 (Samples Per Second, Linear Estimate);Estimated Evaluation Throughput at Batch Size 32 (Samples Per Second, Linear Estimate);Estimated Training Throughput at Batch Size 64 (Samples Per Second, Linear Estimate);Estimated Evaluation Throughput at Batch Size 64 (Samples Per Second, Linear Estimate);Estimated Training Throughput at Batch Size 128 (Samples Per Second, Linear Estimate);Estimated Evaluation Throughput at Batch Size 128 (Samples Per Second, Linear Estimate);Estimated Training Throughput at Batch Size 256 (Samples Per Second, Linear Estimate);Estimated Evaluation Throughput at Batch Size 256 (Samples Per Second, Linear Estimate)",copied aligned metadata from sparse results table;linear scaling from batch-256 train throughput;linear scaling from batch-256 eval throughput;scaled from batch-256 train throughput using GPU-derived non-linear batch curve;scaled from batch-256 eval throughput using GPU-derived non-linear batch curve
mixtral,boolq,50,sparse to sparse,estimated,0.4760607846826144,2.54736765609885,256,20.44,19.87,20.08,21.19,41.03,44.27,47.76,47.36,estimated_cs3_mixtral_boolq_lora_s50_sparse_to_sparse,/estimated/results/estimated_cs3_mixtral_boolq_lora_s50_sparse_to_sparse,"Run Status;Evaluation Accuracy;Evaluation Language Model Perplexity;Observed Batch Size;Run Identifier;Run Directory;Estimated Training Throughput at Batch Size 32 (Samples Per Second, Linear Estimate);Estimated Evaluation Throughput at Batch Size 32 (Samples Per Second, Linear Estimate);Estimated Training Throughput at Batch Size 64 (Samples Per Second, Linear Estimate);Estimated Evaluation Throughput at Batch Size 64 (Samples Per Second, Linear Estimate);Estimated Training Throughput at Batch Size 128 (Samples Per Second, Linear Estimate);Estimated Evaluation Throughput at Batch Size 128 (Samples Per Second, Linear Estimate);Estimated Training Throughput at Batch Size 256 (Samples Per Second, Linear Estimate);Estimated Evaluation Throughput at Batch Size 256 (Samples Per Second, Linear Estimate)",copied aligned metadata from sparse results table;linear scaling from batch-256 train throughput;linear scaling from batch-256 eval throughput;scaled from batch-256 train throughput using GPU-derived non-linear batch curve;scaled from batch-256 eval throughput using GPU-derived non-linear batch curve
mixtral,boolq,75,sparse to dense,estimated,0.3552795510870345,3.01459311306792,256,18.54,17.76,17.11,17.81,48.18,48.58,49.01,50.08,estimated_cs3_mixtral_boolq_lora_s75_sparse_to_dense,/estimated/results/estimated_cs3_mixtral_boolq_lora_s75_sparse_to_dense,"Run Status;Evaluation Accuracy;Evaluation Language Model Perplexity;Observed Batch Size;Run Identifier;Run Directory;Estimated Training Throughput at Batch Size 32 (Samples Per Second, Linear Estimate);Estimated Evaluation Throughput at Batch Size 32 (Samples Per Second, Linear Estimate);Estimated Training Throughput at Batch Size 64 (Samples Per Second, Linear Estimate);Estimated Evaluation Throughput at Batch Size 64 (Samples Per Second, Linear Estimate);Estimated Training Throughput at Batch Size 128 (Samples Per Second, Linear Estimate);Estimated Evaluation Throughput at Batch Size 128 (Samples Per Second, Linear Estimate);Estimated Training Throughput at Batch Size 256 (Samples Per Second, Linear Estimate);Estimated Evaluation Throughput at Batch Size 256 (Samples Per Second, Linear Estimate)",copied aligned metadata from sparse results table;linear scaling from batch-256 train throughput;linear scaling from batch-256 eval throughput;scaled from batch-256 train throughput using GPU-derived non-linear batch curve;scaled from batch-256 eval throughput using GPU-derived non-linear batch curve
mixtral,boolq,75,sparse to sparse,estimated,0.3552795510870345,3.01459311306792,256,24.57,23.18,22.96,24.88,43.17,46.57,50.26,49.83,estimated_cs3_mixtral_boolq_lora_s75_sparse_to_sparse,/estimated/results/estimated_cs3_mixtral_boolq_lora_s75_sparse_to_sparse,"Run Status;Evaluation Accuracy;Evaluation Language Model Perplexity;Observed Batch Size;Run Identifier;Run Directory;Estimated Training Throughput at Batch Size 32 (Samples Per Second, Linear Estimate);Estimated Evaluation Throughput at Batch Size 32 (Samples Per Second, Linear Estimate);Estimated Training Throughput at Batch Size 64 (Samples Per Second, Linear Estimate);Estimated Evaluation Throughput at Batch Size 64 (Samples Per Second, Linear Estimate);Estimated Training Throughput at Batch Size 128 (Samples Per Second, Linear Estimate);Estimated Evaluation Throughput at Batch Size 128 (Samples Per Second, Linear Estimate);Estimated Training Throughput at Batch Size 256 (Samples Per Second, Linear Estimate);Estimated Evaluation Throughput at Batch Size 256 (Samples Per Second, Linear Estimate)",copied aligned metadata from sparse results table;linear scaling from batch-256 train throughput;linear scaling from batch-256 eval throughput;scaled from batch-256 train throughput using GPU-derived non-linear batch curve;scaled from batch-256 eval throughput using GPU-derived non-linear batch curve
mixtral,gsm8k,25,sparse to dense,estimated,0.1237110688327192,738.94178202538,256,18.9,18.97,19.05,19.25,15.04,15.16,15.3,15.63,estimated_cs3_mixtral_gsm8k_lora_s25_sparse_to_dense,/estimated/results/estimated_cs3_mixtral_gsm8k_lora_s25_sparse_to_dense,"Run Status;Observed Batch Size;Run Identifier;Run Directory;Estimated Training Throughput at Batch Size 32 (Samples Per Second, Linear Estimate);Estimated Evaluation Throughput at Batch Size 32 (Samples Per Second, Linear Estimate);Estimated Training Throughput at Batch Size 64 (Samples Per Second, Linear Estimate);Estimated Evaluation Throughput at Batch Size 64 (Samples Per Second, Linear Estimate);Estimated Training Throughput at Batch Size 128 (Samples Per Second, Linear Estimate);Estimated Evaluation Throughput at Batch Size 128 (Samples Per Second, Linear Estimate);Estimated Training Throughput at Batch Size 256 (Samples Per Second, Linear Estimate);Estimated Evaluation Throughput at Batch Size 256 (Samples Per Second, Linear Estimate);Evaluation Accuracy;Evaluation Language Model Perplexity",copied aligned metadata from sparse results table;linear scaling from batch-256 train throughput;linear scaling from batch-256 eval throughput;scaled from batch-256 train throughput using GPU-derived non-linear batch curve;scaled from batch-256 eval throughput using GPU-derived non-linear batch curve
mixtral,gsm8k,25,sparse to sparse,estimated,0.1237110688327192,738.94178202538,256,27.47,25.77,27.67,24.97,13.76,14.84,16.02,15.88,estimated_cs3_mixtral_gsm8k_lora_s25_sparse_to_sparse,/estimated/results/estimated_cs3_mixtral_gsm8k_lora_s25_sparse_to_sparse,"Run Status;Observed Batch Size;Run Identifier;Run Directory;Estimated Training Throughput at Batch Size 32 (Samples Per Second, Linear Estimate);Estimated Evaluation Throughput at Batch Size 32 (Samples Per Second, Linear Estimate);Estimated Training Throughput at Batch Size 64 (Samples Per Second, Linear Estimate);Estimated Evaluation Throughput at Batch Size 64 (Samples Per Second, Linear Estimate);Estimated Training Throughput at Batch Size 128 (Samples Per Second, Linear Estimate);Estimated Evaluation Throughput at Batch Size 128 (Samples Per Second, Linear Estimate);Estimated Training Throughput at Batch Size 256 (Samples Per Second, Linear Estimate);Estimated Evaluation Throughput at Batch Size 256 (Samples Per Second, Linear Estimate);Evaluation Accuracy;Evaluation Language Model Perplexity",copied aligned metadata from sparse results table;linear scaling from batch-256 train throughput;linear scaling from batch-256 eval throughput;scaled from batch-256 train throughput using GPU-derived non-linear batch curve;scaled from batch-256 eval throughput using GPU-derived non-linear batch curve
mixtral,gsm8k,50,sparse to dense,estimated,0.0883650501067578,36366.5959439389,256,22.35,21.71,21.73,22.23,15.53,15.66,15.79,16.14,estimated_cs3_mixtral_gsm8k_lora_s50_sparse_to_dense,/estimated/results/estimated_cs3_mixtral_gsm8k_lora_s50_sparse_to_dense,"Run Status;Observed Batch Size;Run Identifier;Run Directory;Estimated Training Throughput at Batch Size 32 (Samples Per Second, Linear Estimate);Estimated Evaluation Throughput at Batch Size 32 (Samples Per Second, Linear Estimate);Estimated Training Throughput at Batch Size 64 (Samples Per Second, Linear Estimate);Estimated Evaluation Throughput at Batch Size 64 (Samples Per Second, Linear Estimate);Estimated Training Throughput at Batch Size 128 (Samples Per Second, Linear Estimate);Estimated Evaluation Throughput at Batch Size 128 (Samples Per Second, Linear Estimate);Estimated Training Throughput at Batch Size 256 (Samples Per Second, Linear Estimate);Estimated Evaluation Throughput at Batch Size 256 (Samples Per Second, Linear Estimate);Evaluation Accuracy;Evaluation Language Model Perplexity",copied aligned metadata from sparse results table;linear scaling from batch-256 train throughput;linear scaling from batch-256 eval throughput;scaled from batch-256 train throughput using GPU-derived non-linear batch curve;scaled from batch-256 eval throughput using GPU-derived non-linear batch curve
mixtral,gsm8k,50,sparse to sparse,estimated,0.0883650501067578,36366.5959439389,256,30.72,28.59,30.7,27.67,13.53,14.6,15.75,15.62,estimated_cs3_mixtral_gsm8k_lora_s50_sparse_to_sparse,/estimated/results/estimated_cs3_mixtral_gsm8k_lora_s50_sparse_to_sparse,"Run Status;Observed Batch Size;Run Identifier;Run Directory;Estimated Training Throughput at Batch Size 32 (Samples Per Second, Linear Estimate);Estimated Evaluation Throughput at Batch Size 32 (Samples Per Second, Linear Estimate);Estimated Training Throughput at Batch Size 64 (Samples Per Second, Linear Estimate);Estimated Evaluation Throughput at Batch Size 64 (Samples Per Second, Linear Estimate);Estimated Training Throughput at Batch Size 128 (Samples Per Second, Linear Estimate);Estimated Evaluation Throughput at Batch Size 128 (Samples Per Second, Linear Estimate);Estimated Training Throughput at Batch Size 256 (Samples Per Second, Linear Estimate);Estimated Evaluation Throughput at Batch Size 256 (Samples Per Second, Linear Estimate);Evaluation Accuracy;Evaluation Language Model Perplexity",copied aligned metadata from sparse results table;linear scaling from batch-256 train throughput;linear scaling from batch-256 eval throughput;scaled from batch-256 train throughput using GPU-derived non-linear batch curve;scaled from batch-256 eval throughput using GPU-derived non-linear batch curve
mixtral,gsm8k,75,sparse to dense,estimated,0.0353460187259613,8342.01903853054,256,25.48,24.13,24.71,25.74,15.09,15.22,15.35,15.69,estimated_cs3_mixtral_gsm8k_lora_s75_sparse_to_dense,/estimated/results/estimated_cs3_mixtral_gsm8k_lora_s75_sparse_to_dense,"Run Status;Observed Batch Size;Run Identifier;Run Directory;Estimated Training Throughput at Batch Size 32 (Samples Per Second, Linear Estimate);Estimated Evaluation Throughput at Batch Size 32 (Samples Per Second, Linear Estimate);Estimated Training Throughput at Batch Size 64 (Samples Per Second, Linear Estimate);Estimated Evaluation Throughput at Batch Size 64 (Samples Per Second, Linear Estimate);Estimated Training Throughput at Batch Size 128 (Samples Per Second, Linear Estimate);Estimated Evaluation Throughput at Batch Size 128 (Samples Per Second, Linear Estimate);Estimated Training Throughput at Batch Size 256 (Samples Per Second, Linear Estimate);Estimated Evaluation Throughput at Batch Size 256 (Samples Per Second, Linear Estimate);Evaluation Accuracy;Evaluation Language Model Perplexity",copied aligned metadata from sparse results table;linear scaling from batch-256 train throughput;linear scaling from batch-256 eval throughput;scaled from batch-256 train throughput using GPU-derived non-linear batch curve;scaled from batch-256 eval throughput using GPU-derived non-linear batch curve
mixtral,gsm8k,75,sparse to sparse,estimated,0.0353460187259613,8342.01903853054,256,34.09,31.06,33.32,31.55,13.51,14.58,15.73,15.6,estimated_cs3_mixtral_gsm8k_lora_s75_sparse_to_sparse,/estimated/results/estimated_cs3_mixtral_gsm8k_lora_s75_sparse_to_sparse,"Run Status;Observed Batch Size;Run Identifier;Run Directory;Estimated Training Throughput at Batch Size 32 (Samples Per Second, Linear Estimate);Estimated Evaluation Throughput at Batch Size 32 (Samples Per Second, Linear Estimate);Estimated Training Throughput at Batch Size 64 (Samples Per Second, Linear Estimate);Estimated Evaluation Throughput at Batch Size 64 (Samples Per Second, Linear Estimate);Estimated Training Throughput at Batch Size 128 (Samples Per Second, Linear Estimate);Estimated Evaluation Throughput at Batch Size 128 (Samples Per Second, Linear Estimate);Estimated Training Throughput at Batch Size 256 (Samples Per Second, Linear Estimate);Estimated Evaluation Throughput at Batch Size 256 (Samples Per Second, Linear Estimate);Evaluation Accuracy;Evaluation Language Model Perplexity",copied aligned metadata from sparse results table;linear scaling from batch-256 train throughput;linear scaling from batch-256 eval throughput;scaled from batch-256 train throughput using GPU-derived non-linear batch curve;scaled from batch-256 eval throughput using GPU-derived non-linear batch curve
mixtral,hellaswag,25,sparse to dense,estimated,0.6447702134718253,3.37692927854816,256,19.28,19.36,19.44,19.65,43.13,43.5,43.88,44.84,estimated_cs3_mixtral_hellaswag_lora_s25_sparse_to_dense,/estimated/results/estimated_cs3_mixtral_hellaswag_lora_s25_sparse_to_dense,"Run Status;Evaluation Accuracy;Evaluation Language Model Perplexity;Observed Batch Size;Run Identifier;Run Directory;Estimated Training Throughput at Batch Size 32 (Samples Per Second, Linear Estimate);Estimated Evaluation Throughput at Batch Size 32 (Samples Per Second, Linear Estimate);Estimated Training Throughput at Batch Size 64 (Samples Per Second, Linear Estimate);Estimated Evaluation Throughput at Batch Size 64 (Samples Per Second, Linear Estimate);Estimated Training Throughput at Batch Size 128 (Samples Per Second, Linear Estimate);Estimated Evaluation Throughput at Batch Size 128 (Samples Per Second, Linear Estimate);Estimated Training Throughput at Batch Size 256 (Samples Per Second, Linear Estimate);Estimated Evaluation Throughput at Batch Size 256 (Samples Per Second, Linear Estimate)",copied aligned metadata from sparse results table;linear scaling from batch-256 train throughput;linear scaling from batch-256 eval throughput;scaled from batch-256 train throughput using GPU-derived non-linear batch curve;scaled from batch-256 eval throughput using GPU-derived non-linear batch curve
mixtral,hellaswag,25,sparse to sparse,estimated,0.6499742822787291,3.34066083399967,256,27.1,23.61,27.14,25.54,37.91,40.9,44.13,43.76,estimated_cs3_mixtral_hellaswag_lora_s25_sparse_to_sparse,/estimated/results/estimated_cs3_mixtral_hellaswag_lora_s25_sparse_to_sparse,"Run Status;Evaluation Accuracy;Evaluation Language Model Perplexity;Observed Batch Size;Run Identifier;Run Directory;Estimated Training Throughput at Batch Size 32 (Samples Per Second, Linear Estimate);Estimated Evaluation Throughput at Batch Size 32 (Samples Per Second, Linear Estimate);Estimated Training Throughput at Batch Size 64 (Samples Per Second, Linear Estimate);Estimated Evaluation Throughput at Batch Size 64 (Samples Per Second, Linear Estimate);Estimated Training Throughput at Batch Size 128 (Samples Per Second, Linear Estimate);Estimated Evaluation Throughput at Batch Size 128 (Samples Per Second, Linear Estimate);Estimated Training Throughput at Batch Size 256 (Samples Per Second, Linear Estimate);Estimated Evaluation Throughput at Batch Size 256 (Samples Per Second, Linear Estimate)",copied aligned metadata from sparse results table;linear scaling from batch-256 train throughput;linear scaling from batch-256 eval throughput;scaled from batch-256 train throughput using GPU-derived non-linear batch curve;scaled from batch-256 eval throughput using GPU-derived non-linear batch curve
mixtral,hellaswag,50,sparse to dense,estimated,0.5532172585237974,3.79428244514917,256,23.22,22.34,22.34,22.97,45.2,45.58,45.98,46.99,estimated_cs3_mixtral_hellaswag_lora_s50_sparse_to_dense,/estimated/results/estimated_cs3_mixtral_hellaswag_lora_s50_sparse_to_dense,"Run Status;Evaluation Accuracy;Evaluation Language Model Perplexity;Observed Batch Size;Run Identifier;Run Directory;Estimated Training Throughput at Batch Size 32 (Samples Per Second, Linear Estimate);Estimated Evaluation Throughput at Batch Size 32 (Samples Per Second, Linear Estimate);Estimated Training Throughput at Batch Size 64 (Samples Per Second, Linear Estimate);Estimated Evaluation Throughput at Batch Size 64 (Samples Per Second, Linear Estimate);Estimated Training Throughput at Batch Size 128 (Samples Per Second, Linear Estimate);Estimated Evaluation Throughput at Batch Size 128 (Samples Per Second, Linear Estimate);Estimated Training Throughput at Batch Size 256 (Samples Per Second, Linear Estimate);Estimated Evaluation Throughput at Batch Size 256 (Samples Per Second, Linear Estimate)",copied aligned metadata from sparse results table;linear scaling from batch-256 train throughput;linear scaling from batch-256 eval throughput;scaled from batch-256 train throughput using GPU-derived non-linear batch curve;scaled from batch-256 eval throughput using GPU-derived non-linear batch curve
mixtral,hellaswag,50,sparse to sparse,estimated,0.5574205498014609,3.72606864844484,256,30.86,26.74,29.97,28.94,38.88,41.95,45.26,44.88,estimated_cs3_mixtral_hellaswag_lora_s50_sparse_to_sparse,/estimated/results/estimated_cs3_mixtral_hellaswag_lora_s50_sparse_to_sparse,"Run Status;Evaluation Accuracy;Evaluation Language Model Perplexity;Observed Batch Size;Run Identifier;Run Directory;Estimated Training Throughput at Batch Size 32 (Samples Per Second, Linear Estimate);Estimated Evaluation Throughput at Batch Size 32 (Samples Per Second, Linear Estimate);Estimated Training Throughput at Batch Size 64 (Samples Per Second, Linear Estimate);Estimated Evaluation Throughput at Batch Size 64 (Samples Per Second, Linear Estimate);Estimated Training Throughput at Batch Size 128 (Samples Per Second, Linear Estimate);Estimated Evaluation Throughput at Batch Size 128 (Samples Per Second, Linear Estimate);Estimated Training Throughput at Batch Size 256 (Samples Per Second, Linear Estimate);Estimated Evaluation Throughput at Batch Size 256 (Samples Per Second, Linear Estimate)",copied aligned metadata from sparse results table;linear scaling from batch-256 train throughput;linear scaling from batch-256 eval throughput;scaled from batch-256 train throughput using GPU-derived non-linear batch curve;scaled from batch-256 eval throughput using GPU-derived non-linear batch curve
mixtral,hellaswag,75,sparse to dense,estimated,0.2597160811881268,4.85590578745107,256,27.24,25.26,25.5,26.5,47.71,48.11,48.54,49.6,estimated_cs3_mixtral_hellaswag_lora_s75_sparse_to_dense,/estimated/results/estimated_cs3_mixtral_hellaswag_lora_s75_sparse_to_dense,"Run Status;Evaluation Accuracy;Evaluation Language Model Perplexity;Observed Batch Size;Run Identifier;Run Directory;Estimated Training Throughput at Batch Size 32 (Samples Per Second, Linear Estimate);Estimated Evaluation Throughput at Batch Size 32 (Samples Per Second, Linear Estimate);Estimated Training Throughput at Batch Size 64 (Samples Per Second, Linear Estimate);Estimated Evaluation Throughput at Batch Size 64 (Samples Per Second, Linear Estimate);Estimated Training Throughput at Batch Size 128 (Samples Per Second, Linear Estimate);Estimated Evaluation Throughput at Batch Size 128 (Samples Per Second, Linear Estimate);Estimated Training Throughput at Batch Size 256 (Samples Per Second, Linear Estimate);Estimated Evaluation Throughput at Batch Size 256 (Samples Per Second, Linear Estimate)",copied aligned metadata from sparse results table;linear scaling from batch-256 train throughput;linear scaling from batch-256 eval throughput;scaled from batch-256 train throughput using GPU-derived non-linear batch curve;scaled from batch-256 eval throughput using GPU-derived non-linear batch curve
mixtral,hellaswag,75,sparse to sparse,estimated,0.3143588677977516,4.1483333195465,256,34.89,29.45,33.12,32.4,40.13,43.29,46.72,46.32,estimated_cs3_mixtral_hellaswag_lora_s75_sparse_to_sparse,/estimated/results/estimated_cs3_mixtral_hellaswag_lora_s75_sparse_to_sparse,"Run Status;Evaluation Accuracy;Evaluation Language Model Perplexity;Observed Batch Size;Run Identifier;Run Directory;Estimated Training Throughput at Batch Size 32 (Samples Per Second, Linear Estimate);Estimated Evaluation Throughput at Batch Size 32 (Samples Per Second, Linear Estimate);Estimated Training Throughput at Batch Size 64 (Samples Per Second, Linear Estimate);Estimated Evaluation Throughput at Batch Size 64 (Samples Per Second, Linear Estimate);Estimated Training Throughput at Batch Size 128 (Samples Per Second, Linear Estimate);Estimated Evaluation Throughput at Batch Size 128 (Samples Per Second, Linear Estimate);Estimated Training Throughput at Batch Size 256 (Samples Per Second, Linear Estimate);Estimated Evaluation Throughput at Batch Size 256 (Samples Per Second, Linear Estimate)",copied aligned metadata from sparse results table;linear scaling from batch-256 train throughput;linear scaling from batch-256 eval throughput;scaled from batch-256 train throughput using GPU-derived non-linear batch curve;scaled from batch-256 eval throughput using GPU-derived non-linear batch curve
